{
    "0": {
        "advance": 34,
        "bearingX": 2,
        "bearingY": 44,
        "codePoint": 48,
        "height": 45,
        "width": 30
    },
    "1": {
        "advance": 34,
        "bearingX": 5,
        "bearingY": 43,
        "codePoint": 49,
        "height": 43,
        "width": 17
    },
    "2": {
        "advance": 34,
        "bearingX": 2,
        "bearingY": 44,
        "codePoint": 50,
        "height": 44,
        "width": 30
    },
    "3": {
        "advance": 34,
        "bearingX": 2,
        "bearingY": 44,
        "codePoint": 51,
        "height": 45,
        "width": 29
    },
    "4": {
        "advance": 34,
        "bearingX": 1,
        "bearingY": 43,
        "codePoint": 52,
        "height": 43,
        "width": 33
    },
    "5": {
        "advance": 34,
        "bearingX": 3,
        "bearingY": 43,
        "codePoint": 53,
        "height": 44,
        "width": 28
    },
    "6": {
        "advance": 34,
        "bearingX": 3,
        "bearingY": 44,
        "codePoint": 54,
        "height": 45,
        "width": 29
    },
    "7": {
        "advance": 34,
        "bearingX": 2,
        "bearingY": 43,
        "codePoint": 55,
        "height": 43,
        "width": 30
    },
    "8": {
        "advance": 34,
        "bearingX": 2,
        "bearingY": 44,
        "codePoint": 56,
        "height": 45,
        "width": 30
    },
    "9": {
        "advance": 34,
        "bearingX": 3,
        "bearingY": 44,
        "codePoint": 57,
        "height": 45,
        "width": 29
    },
    ":": {
        "advance": 16,
        "bearingX": 4,
        "bearingY": 33,
        "codePoint": 58,
        "height": 34,
        "width": 8
    }
}
