{
    "\n": {
        "advance": 8,
        "bearingX": 1,
        "bearingY": 10,
        "codePoint": 10,
        "height": 10,
        "width": 6
    },
    " ": {
        "advance": 3,
        "bearingX": 0,
        "bearingY": 0,
        "codePoint": 32,
        "height": 0,
        "width": 0
    },
    "!": {
        "advance": 4,
        "bearingX": 0,
        "bearingY": 9,
        "codePoint": 33,
        "height": 9,
        "width": 3
    },
    "\"": {
        "advance": 5,
        "bearingX": 0,
        "bearingY": 9,
        "codePoint": 34,
        "height": 3,
        "width": 5
    },
    "#": {
        "advance": 8,
        "bearingX": 0,
        "bearingY": 9,
        "codePoint": 35,
        "height": 9,
        "width": 9
    },
    "$": {
        "advance": 7,
        "bearingX": 0,
        "bearingY": 10,
        "codePoint": 36,
        "height": 11,
        "width": 7
    },
    "%": {
        "advance": 11,
        "bearingX": 0,
        "bearingY": 9,
        "codePoint": 37,
        "height": 9,
        "width": 11
    },
    "&": {
        "advance": 10,
        "bearingX": 0,
        "bearingY": 9,
        "codePoint": 38,
        "height": 9,
        "width": 10
    },
    "'": {
        "advance": 3,
        "bearingX": 0,
        "bearingY": 9,
        "codePoint": 39,
        "height": 3,
        "width": 3
    },
    "(": {
        "advance": 4,
        "bearingX": 0,
        "bearingY": 9,
        "codePoint": 40,
        "height": 11,
        "width": 4
    },
    ")": {
        "advance": 4,
        "bearingX": 0,
        "bearingY": 9,
        "codePoint": 41,
        "height": 11,
        "width": 4
    },
    "*": {
        "advance": 7,
        "bearingX": 0,
        "bearingY": 10,
        "codePoint": 42,
        "height": 6,
        "width": 7
    },
    "+": {
        "advance": 7,
        "bearingX": 0,
        "bearingY": 7,
        "codePoint": 43,
        "height": 6,
        "width": 7
    },
    ",": {
        "advance": 3,
        "bearingX": 0,
        "bearingY": 1,
        "codePoint": 44,
        "height": 3,
        "width": 3
    },
    "-": {
        "advance": 4,
        "bearingX": 0,
        "bearingY": 4,
        "codePoint": 45,
        "height": 1,
        "width": 4
    },
    ".": {
        "advance": 3,
        "bearingX": 0,
        "bearingY": 2,
        "codePoint": 46,
        "height": 2,
        "width": 3
    },
    "/": {
        "advance": 5,
        "bearingX": 0,
        "bearingY": 9,
        "codePoint": 47,
        "height": 9,
        "width": 5
    },
    "0": {
        "advance": 7,
        "bearingX": 0,
        "bearingY": 9,
        "codePoint": 48,
        "height": 9,
        "width": 7
    },
    "1": {
        "advance": 7,
        "bearingX": 1,
        "bearingY": 9,
        "codePoint": 49,
        "height": 9,
        "width": 4
    },
    "2": {
        "advance": 7,
        "bearingX": 0,
        "bearingY": 9,
        "codePoint": 50,
        "height": 9,
        "width": 7
    },
    "3": {
        "advance": 7,
        "bearingX": 0,
        "bearingY": 9,
        "codePoint": 51,
        "height": 9,
        "width": 7
    },
    "4": {
        "advance": 7,
        "bearingX": 0,
        "bearingY": 9,
        "codePoint": 52,
        "height": 9,
        "width": 8
    },
    "5": {
        "advance": 7,
        "bearingX": 0,
        "bearingY": 9,
        "codePoint": 53,
        "height": 9,
        "width": 7
    },
    "6": {
        "advance": 7,
        "bearingX": 0,
        "bearingY": 9,
        "codePoint": 54,
        "height": 9,
        "width": 7
    },
    "7": {
        "advance": 7,
        "bearingX": 0,
        "bearingY": 9,
        "codePoint": 55,
        "height": 9,
        "width": 7
    },
    "8": {
        "advance": 7,
        "bearingX": 0,
        "bearingY": 9,
        "codePoint": 56,
        "height": 9,
        "width": 7
    },
    "9": {
        "advance": 7,
        "bearingX": 0,
        "bearingY": 9,
        "codePoint": 57,
        "height": 9,
        "width": 7
    },
    ":": {
        "advance": 3,
        "bearingX": 0,
        "bearingY": 7,
        "codePoint": 58,
        "height": 7,
        "width": 3
    },
    ";": {
        "advance": 3,
        "bearingX": 0,
        "bearingY": 7,
        "codePoint": 59,
        "height": 9,
        "width": 3
    },
    "<": {
        "advance": 7,
        "bearingX": 0,
        "bearingY": 8,
        "codePoint": 60,
        "height": 7,
        "width": 7
    },
    "=": {
        "advance": 7,
        "bearingX": 0,
        "bearingY": 7,
        "codePoint": 61,
        "height": 4,
        "width": 7
    },
    ">": {
        "advance": 7,
        "bearingX": 0,
        "bearingY": 8,
        "codePoint": 62,
        "height": 7,
        "width": 7
    },
    "?": {
        "advance": 6,
        "bearingX": 0,
        "bearingY": 9,
        "codePoint": 63,
        "height": 9,
        "width": 6
    },
    "@": {
        "advance": 12,
        "bearingX": 0,
        "bearingY": 9,
        "codePoint": 64,
        "height": 10,
        "width": 11
    },
    "A": {
        "advance": 8,
        "bearingX": 0,
        "bearingY": 9,
        "codePoint": 65,
        "height": 9,
        "width": 9
    },
    "B": {
        "advance": 8,
        "bearingX": 1,
        "bearingY": 9,
        "codePoint": 66,
        "height": 9,
        "width": 7
    },
    "C": {
        "advance": 8,
        "bearingX": 0,
        "bearingY": 9,
        "codePoint": 67,
        "height": 9,
        "width": 8
    },
    "D": {
        "advance": 9,
        "bearingX": 1,
        "bearingY": 9,
        "codePoint": 68,
        "height": 9,
        "width": 8
    },
    "E": {
        "advance": 7,
        "bearingX": 1,
        "bearingY": 9,
        "codePoint": 69,
        "height": 9,
        "width": 6
    },
    "F": {
        "advance": 7,
        "bearingX": 1,
        "bearingY": 9,
        "codePoint": 70,
        "height": 9,
        "width": 6
    },
    "G": {
        "advance": 9,
        "bearingX": 0,
        "bearingY": 9,
        "codePoint": 71,
        "height": 9,
        "width": 9
    },
    "H": {
        "advance": 10,
        "bearingX": 1,
        "bearingY": 9,
        "codePoint": 72,
        "height": 9,
        "width": 8
    },
    "I": {
        "advance": 4,
        "bearingX": 0,
        "bearingY": 9,
        "codePoint": 73,
        "height": 9,
        "width": 4
    },
    "J": {
        "advance": 4,
        "bearingX": -2,
        "bearingY": 9,
        "codePoint": 74,
        "height": 12,
        "width": 5
    },
    "K": {
        "advance": 8,
        "bearingX": 1,
        "bearingY": 9,
        "codePoint": 75,
        "height": 9,
        "width": 8
    },
    "L": {
        "advance": 7,
        "bearingX": 1,
        "bearingY": 9,
        "codePoint": 76,
        "height": 9,
        "width": 6
    },
    "M": {
        "advance": 12,
        "bearingX": 1,
        "bearingY": 9,
        "codePoint": 77,
        "height": 9,
        "width": 10
    },
    "N": {
        "advance": 10,
        "bearingX": 1,
        "bearingY": 9,
        "codePoint": 78,
        "height": 9,
        "width": 8
    },
    "O": {
        "advance": 10,
        "bearingX": 0,
        "bearingY": 9,
        "codePoint": 79,
        "height": 9,
        "width": 10
    },
    "P": {
        "advance": 8,
        "bearingX": 1,
        "bearingY": 9,
        "codePoint": 80,
        "height": 9,
        "width": 7
    },
    "Q": {
        "advance": 10,
        "bearingX": 0,
        "bearingY": 9,
        "codePoint": 81,
        "height": 11,
        "width": 10
    },
    "R": {
        "advance": 8,
        "bearingX": 1,
        "bearingY": 9,
        "codePoint": 82,
        "height": 9,
        "width": 7
    },
    "S": {
        "advance": 7,
        "bearingX": 0,
        "bearingY": 9,
        "codePoint": 83,
        "height": 9,
        "width": 7
    },
    "T": {
        "advance": 7,
        "bearingX": 0,
        "bearingY": 9,
        "codePoint": 84,
        "height": 9,
        "width": 8
    },
    "U": {
        "advance": 10,
        "bearingX": 1,
        "bearingY": 9,
        "codePoint": 85,
        "height": 9,
        "width": 8
    },
    "V": {
        "advance": 8,
        "bearingX": 0,
        "bearingY": 9,
        "codePoint": 86,
        "height": 9,
        "width": 8
    },
    "W": {
        "advance": 12,
        "bearingX": 0,
        "bearingY": 9,
        "codePoint": 87,
        "height": 9,
        "width": 12
    },
    "X": {
        "advance": 8,
        "bearingX": 0,
        "bearingY": 9,
        "codePoint": 88,
        "height": 9,
        "width": 8
    },
    "Y": {
        "advance": 7,
        "bearingX": 0,
        "bearingY": 9,
        "codePoint": 89,
        "height": 9,
        "width": 8
    },
    "Z": {
        "advance": 7,
        "bearingX": 0,
        "bearingY": 9,
        "codePoint": 90,
        "height": 9,
        "width": 7
    },
    "[": {
        "advance": 4,
        "bearingX": 1,
        "bearingY": 9,
        "codePoint": 91,
        "height": 11,
        "width": 3
    },
    "\\": {
        "advance": 5,
        "bearingX": 0,
        "bearingY": 9,
        "codePoint": 92,
        "height": 9,
        "width": 5
    },
    "]": {
        "advance": 4,
        "bearingX": 0,
        "bearingY": 9,
        "codePoint": 93,
        "height": 11,
        "width": 4
    },
    "^": {
        "advance": 7,
        "bearingX": 0,
        "bearingY": 9,
        "codePoint": 94,
        "height": 6,
        "width": 7
    },
    "_": {
        "advance": 6,
        "bearingX": -1,
        "bearingY": -1,
        "codePoint": 95,
        "height": 1,
        "width": 7
    },
    "`": {
        "advance": 4,
        "bearingX": 0,
        "bearingY": 10,
        "codePoint": 96,
        "height": 2,
        "width": 4
    },
    "a": {
        "advance": 7,
        "bearingX": 0,
        "bearingY": 7,
        "codePoint": 97,
        "height": 7,
        "width": 7
    },
    "b": {
        "advance": 8,
        "bearingX": 1,
        "bearingY": 10,
        "codePoint": 98,
        "height": 10,
        "width": 7
    },
    "c": {
        "advance": 6,
        "bearingX": 0,
        "bearingY": 7,
        "codePoint": 99,
        "height": 7,
        "width": 6
    },
    "d": {
        "advance": 8,
        "bearingX": 0,
        "bearingY": 10,
        "codePoint": 100,
        "height": 10,
        "width": 7
    },
    "e": {
        "advance": 7,
        "bearingX": 0,
        "bearingY": 7,
        "codePoint": 101,
        "height": 7,
        "width": 7
    },
    "f": {
        "advance": 4,
        "bearingX": 0,
        "bearingY": 10,
        "codePoint": 102,
        "height": 10,
        "width": 6
    },
    "g": {
        "advance": 8,
        "bearingX": 0,
        "bearingY": 7,
        "codePoint": 103,
        "height": 10,
        "width": 7
    },
    "h": {
        "advance": 8,
        "bearingX": 1,
        "bearingY": 10,
        "codePoint": 104,
        "height": 10,
        "width": 6
    },
    "i": {
        "advance": 3,
        "bearingX": 1,
        "bearingY": 10,
        "codePoint": 105,
        "height": 10,
        "width": 2
    },
    "j": {
        "advance": 3,
        "bearingX": -1,
        "bearingY": 10,
        "codePoint": 106,
        "height": 13,
        "width": 4
    },
    "k": {
        "advance": 7,
        "bearingX": 1,
        "bearingY": 10,
        "codePoint": 107,
        "height": 10,
        "width": 6
    },
    "l": {
        "advance": 3,
        "bearingX": 1,
        "bearingY": 10,
        "codePoint": 108,
        "height": 10,
        "width": 2
    },
    "m": {
        "advance": 12,
        "bearingX": 1,
        "bearingY": 7,
        "codePoint": 109,
        "height": 7,
        "width": 11
    },
    "n": {
        "advance": 8,
        "bearingX": 1,
        "bearingY": 7,
        "codePoint": 110,
        "height": 7,
        "width": 6
    },
    "o": {
        "advance": 8,
        "bearingX": 0,
        "bearingY": 7,
        "codePoint": 111,
        "height": 7,
        "width": 8
    },
    "p": {
        "advance": 8,
        "bearingX": 1,
        "bearingY": 7,
        "codePoint": 112,
        "height": 10,
        "width": 7
    },
    "q": {
        "advance": 8,
        "bearingX": 0,
        "bearingY": 7,
        "codePoint": 113,
        "height": 10,
        "width": 7
    },
    "r": {
        "advance": 5,
        "bearingX": 1,
        "bearingY": 7,
        "codePoint": 114,
        "height": 7,
        "width": 5
    },
    "s": {
        "advance": 6,
        "bearingX": 0,
        "bearingY": 7,
        "codePoint": 115,
        "height": 7,
        "width": 6
    },
    "t": {
        "advance": 5,
        "bearingX": 0,
        "bearingY": 9,
        "codePoint": 116,
        "height": 9,
        "width": 5
    },
    "u": {
        "advance": 8,
        "bearingX": 1,
        "bearingY": 7,
        "codePoint": 117,
        "height": 7,
        "width": 6
    },
    "v": {
        "advance": 7,
        "bearingX": 0,
        "bearingY": 7,
        "codePoint": 118,
        "height": 7,
        "width": 7
    },
    "w": {
        "advance": 10,
        "bearingX": 0,
        "bearingY": 7,
        "codePoint": 119,
        "height": 7,
        "width": 11
    },
    "x": {
        "advance": 7,
        "bearingX": 0,
        "bearingY": 7,
        "codePoint": 120,
        "height": 7,
        "width": 7
    },
    "y": {
        "advance": 7,
        "bearingX": 0,
        "bearingY": 7,
        "codePoint": 121,
        "height": 10,
        "width": 7
    },
    "z": {
        "advance": 6,
        "bearingX": 0,
        "bearingY": 7,
        "codePoint": 122,
        "height": 7,
        "width": 6
    },
    "{": {
        "advance": 5,
        "bearingX": 0,
        "bearingY": 9,
        "codePoint": 123,
        "height": 11,
        "width": 5
    },
    "|": {
        "advance": 7,
        "bearingX": 3,
        "bearingY": 10,
        "codePoint": 124,
        "height": 13,
        "width": 2
    },
    "}": {
        "advance": 5,
        "bearingX": 0,
        "bearingY": 9,
        "codePoint": 125,
        "height": 11,
        "width": 5
    },
    "~": {
        "advance": 7,
        "bearingX": 0,
        "bearingY": 6,
        "codePoint": 126,
        "height": 2,
        "width": 7
    },
    "®": {
        "advance": 11,
        "bearingX": 0,
        "bearingY": 10,
        "codePoint": 174,
        "height": 10,
        "width": 11
    }
}
