{
    "0": {
        "advance": 46,
        "bearingX": 3,
        "bearingY": 59,
        "codePoint": 48,
        "height": 60,
        "width": 39
    },
    "1": {
        "advance": 46,
        "bearingX": 7,
        "bearingY": 58,
        "codePoint": 49,
        "height": 58,
        "width": 22
    },
    "2": {
        "advance": 46,
        "bearingX": 3,
        "bearingY": 59,
        "codePoint": 50,
        "height": 59,
        "width": 39
    },
    "3": {
        "advance": 46,
        "bearingX": 3,
        "bearingY": 59,
        "codePoint": 51,
        "height": 60,
        "width": 39
    },
    "4": {
        "advance": 46,
        "bearingX": 1,
        "bearingY": 58,
        "codePoint": 52,
        "height": 58,
        "width": 44
    },
    "5": {
        "advance": 46,
        "bearingX": 5,
        "bearingY": 58,
        "codePoint": 53,
        "height": 59,
        "width": 37
    },
    "6": {
        "advance": 46,
        "bearingX": 4,
        "bearingY": 59,
        "codePoint": 54,
        "height": 60,
        "width": 38
    },
    "7": {
        "advance": 46,
        "bearingX": 3,
        "bearingY": 58,
        "codePoint": 55,
        "height": 58,
        "width": 39
    },
    "8": {
        "advance": 46,
        "bearingX": 3,
        "bearingY": 59,
        "codePoint": 56,
        "height": 60,
        "width": 39
    },
    "9": {
        "advance": 46,
        "bearingX": 4,
        "bearingY": 59,
        "codePoint": 57,
        "height": 60,
        "width": 38
    }
}
