{
    " ": {
        "advance": 5,
        "bearingX": 0,
        "bearingY": 0,
        "codePoint": 32,
        "height": 0,
        "width": 0
    },
    "A": {
        "advance": 13,
        "bearingX": 0,
        "bearingY": 14,
        "codePoint": 65,
        "height": 14,
        "width": 13
    },
    "E": {
        "advance": 11,
        "bearingX": 1,
        "bearingY": 14,
        "codePoint": 69,
        "height": 14,
        "width": 9
    },
    "I": {
        "advance": 7,
        "bearingX": 0,
        "bearingY": 14,
        "codePoint": 73,
        "height": 14,
        "width": 6
    },
    "K": {
        "advance": 12,
        "bearingX": 1,
        "bearingY": 14,
        "codePoint": 75,
        "height": 14,
        "width": 12
    },
    "L": {
        "advance": 10,
        "bearingX": 1,
        "bearingY": 14,
        "codePoint": 76,
        "height": 14,
        "width": 9
    },
    "M": {
        "advance": 18,
        "bearingX": 1,
        "bearingY": 14,
        "codePoint": 77,
        "height": 14,
        "width": 16
    },
    "N": {
        "advance": 15,
        "bearingX": 1,
        "bearingY": 14,
        "codePoint": 78,
        "height": 14,
        "width": 13
    },
    "O": {
        "advance": 16,
        "bearingX": 1,
        "bearingY": 14,
        "codePoint": 79,
        "height": 14,
        "width": 14
    },
    "P": {
        "advance": 12,
        "bearingX": 1,
        "bearingY": 14,
        "codePoint": 80,
        "height": 14,
        "width": 11
    },
    "Q": {
        "advance": 16,
        "bearingX": 1,
        "bearingY": 14,
        "codePoint": 81,
        "height": 17,
        "width": 14
    },
    "S": {
        "advance": 11,
        "bearingX": 1,
        "bearingY": 14,
        "codePoint": 83,
        "height": 14,
        "width": 10
    },
    "T": {
        "advance": 11,
        "bearingX": 0,
        "bearingY": 14,
        "codePoint": 84,
        "height": 14,
        "width": 11
    },
    "Z": {
        "advance": 11,
        "bearingX": 0,
        "bearingY": 14,
        "codePoint": 90,
        "height": 14,
        "width": 11
    },
    "c": {
        "advance": 10,
        "bearingX": 1,
        "bearingY": 11,
        "codePoint": 99,
        "height": 11,
        "width": 8
    },
    "e": {
        "advance": 11,
        "bearingX": 1,
        "bearingY": 11,
        "codePoint": 101,
        "height": 11,
        "width": 10
    },
    "i": {
        "advance": 5,
        "bearingX": 1,
        "bearingY": 15,
        "codePoint": 105,
        "height": 15,
        "width": 3
    },
    "k": {
        "advance": 11,
        "bearingX": 1,
        "bearingY": 15,
        "codePoint": 107,
        "height": 15,
        "width": 10
    },
    "l": {
        "advance": 5,
        "bearingX": 1,
        "bearingY": 15,
        "codePoint": 108,
        "height": 15,
        "width": 3
    },
    "n": {
        "advance": 12,
        "bearingX": 1,
        "bearingY": 11,
        "codePoint": 110,
        "height": 11,
        "width": 10
    },
    "o": {
        "advance": 12,
        "bearingX": 1,
        "bearingY": 11,
        "codePoint": 111,
        "height": 11,
        "width": 11
    },
    "s": {
        "advance": 10,
        "bearingX": 1,
        "bearingY": 11,
        "codePoint": 115,
        "height": 11,
        "width": 8
    },
    "t": {
        "advance": 7,
        "bearingX": 0,
        "bearingY": 14,
        "codePoint": 116,
        "height": 14,
        "width": 7
    },
    "u": {
        "advance": 12,
        "bearingX": 1,
        "bearingY": 11,
        "codePoint": 117,
        "height": 11,
        "width": 10
    }
}
