{
    "0": {
        "advance": 34,
        "bearingX": 2,
        "bearingY": 43,
        "codePoint": 48,
        "height": 44,
        "width": 31
    },
    "1": {
        "advance": 34,
        "bearingX": 3,
        "bearingY": 42,
        "codePoint": 49,
        "height": 42,
        "width": 22
    },
    "2": {
        "advance": 34,
        "bearingX": 2,
        "bearingY": 43,
        "codePoint": 50,
        "height": 43,
        "width": 31
    },
    "3": {
        "advance": 34,
        "bearingX": 2,
        "bearingY": 43,
        "codePoint": 51,
        "height": 44,
        "width": 30
    },
    "4": {
        "advance": 34,
        "bearingX": 1,
        "bearingY": 42,
        "codePoint": 52,
        "height": 42,
        "width": 33
    },
    "5": {
        "advance": 34,
        "bearingX": 2,
        "bearingY": 42,
        "codePoint": 53,
        "height": 43,
        "width": 30
    },
    "6": {
        "advance": 34,
        "bearingX": 2,
        "bearingY": 43,
        "codePoint": 54,
        "height": 44,
        "width": 31
    },
    "7": {
        "advance": 34,
        "bearingX": 1,
        "bearingY": 42,
        "codePoint": 55,
        "height": 42,
        "width": 32
    },
    "8": {
        "advance": 34,
        "bearingX": 2,
        "bearingY": 43,
        "codePoint": 56,
        "height": 44,
        "width": 31
    },
    "9": {
        "advance": 34,
        "bearingX": 1,
        "bearingY": 43,
        "codePoint": 57,
        "height": 44,
        "width": 32
    },
    ":": {
        "advance": 17,
        "bearingX": 3,
        "bearingY": 33,
        "codePoint": 58,
        "height": 34,
        "width": 11
    },
    "D": {
        "advance": 44,
        "bearingX": 5,
        "bearingY": 42,
        "codePoint": 68,
        "height": 42,
        "width": 36
    },
    "e": {
        "advance": 35,
        "bearingX": 2,
        "bearingY": 33,
        "codePoint": 101,
        "height": 34,
        "width": 31
    },
    "n": {
        "advance": 39,
        "bearingX": 4,
        "bearingY": 33,
        "codePoint": 110,
        "height": 33,
        "width": 31
    },
    "o": {
        "advance": 37,
        "bearingX": 2,
        "bearingY": 33,
        "codePoint": 111,
        "height": 34,
        "width": 33
    }
}
