{
    "images": [
        {
            "id": "{19c3d569-92bb-4afa-a424-207aa6f2092b}",
            "name": "start",
            "type": "RGB"
        },
        {
            "id": "{6526b2d0-1232-48a0-bd08-1bff96694b7b}",
            "name": "bake100",
            "type": "RGB"
        },
        {
            "id": "{5204342c-59bb-412b-9c7c-00f375c0f43c}",
            "name": "broil100",
            "type": "RGB"
        },
        {
            "id": "{1b6aa55f-4fe5-4437-bec8-ec23ad56c8ee}",
            "name": "cook100",
            "type": "RGB"
        },
        {
            "id": "{7e3c0389-33e8-47b6-8d42-02b29ca5f062}",
            "name": "reheat100",
            "type": "RGB"
        },
        {
            "id": "{d05c894a-e628-4797-bb8e-b42221e1bbd1}",
            "name": "time30",
            "type": "RGB"
        },
        {
            "id": "{fe2471e7-9388-4a93-94c3-9273fba5c8ed}",
            "name": "Microchip_logo_150x30",
            "type": "RGB"
        },
        {
            "id": "{e4e90373-4bca-4a42-a811-272444879648}",
            "name": "bacon70",
            "type": "RGB"
        },
        {
            "id": "{7a793f80-a813-4423-98da-ef1d86e34776}",
            "name": "hotdog70",
            "type": "RGB"
        },
        {
            "id": "{6c5c2bb2-6d7d-48f8-9ae9-db7af5c6bfea}",
            "name": "kabobs70",
            "type": "RGB"
        },
        {
            "id": "{7d787d2d-c1e9-4d3e-bc92-3a30a6a07af5}",
            "name": "meat70",
            "type": "RGB"
        },
        {
            "id": "{45a1de7c-ad08-4ed7-89fa-82ca08b78a74}",
            "name": "veggies70",
            "type": "RGB"
        },
        {
            "id": "{8b705852-517e-4bc3-8f34-1a75662f5552}",
            "name": "main_rect",
            "type": "RGB"
        },
        {
            "id": "{c8a7bbb7-f303-4bb2-9af0-a416455f3a14}",
            "name": "cancel_80",
            "type": "RGB"
        },
        {
            "id": "{09b6202f-40f8-495f-9cf3-c02c41e44b81}",
            "name": "ok_80",
            "type": "RGB"
        },
        {
            "id": "{2dda26b8-3066-43cd-915d-4ddc2799a5aa}",
            "name": "rgbsmall",
            "type": "RGB"
        },
        {
            "id": "{fbd61720-0144-4708-a8e6-548e0ec1a4e8}",
            "name": "steak_photo_70",
            "type": "RGB"
        },
        {
            "id": "{088d31af-4b26-4ab7-b884-52da5af1696d}",
            "name": "salmon_photo_70",
            "type": "RGB"
        },
        {
            "id": "{795ecb73-6691-44a3-99a4-4f0dc8747bda}",
            "name": "pizza_photo70",
            "type": "RGB"
        },
        {
            "id": "{b14834ed-5f94-458a-9a03-82256b027655}",
            "name": "pasta_photo_70",
            "type": "RGB"
        },
        {
            "id": "{3f292a49-76a8-42c6-8fd0-930d49765fc5}",
            "name": "gscalesmall",
            "type": "RGB"
        },
        {
            "id": "{cc3af135-b1cc-4acd-a9c6-63d8be1338ff}",
            "name": "MHGC_120x120",
            "type": "RGB"
        },
        {
            "id": "{887347a0-d82b-460b-be80-6da3ae3a2d9f}",
            "name": "mchp_black",
            "type": "RGB"
        },
        {
            "id": "{e5404652-7279-4e76-9142-5ec1966a69fb}",
            "name": "DemoOn",
            "type": "RGB"
        },
        {
            "id": "{7a4b26ba-9a72-4306-b5e5-c9a5e24e01f5}",
            "name": "DemoOff",
            "type": "RGB"
        },
        {
            "id": "{7aa8b97c-972d-4a72-916b-bd75e6b6e1c2}",
            "name": "cook2",
            "type": "RGB"
        },
        {
            "id": "{1586de41-8dca-42ec-a931-13c447efc53f}",
            "name": "reheat2",
            "type": "RGB"
        },
        {
            "id": "{6767464d-77a4-4d25-a62e-26eacb2802c6}",
            "name": "cancel2",
            "type": "RGB"
        },
        {
            "id": "{a4ac2c43-a864-48ab-8317-5b8825f27d25}",
            "name": "ok2",
            "type": "RGB"
        },
        {
            "id": "{85dcc436-b197-4848-b220-0611438b9088}",
            "name": "smartstart2",
            "type": "RGB"
        },
        {
            "id": "{2d55bfab-3750-49c3-b08c-8a3d70530186}",
            "name": "mhgs565",
            "type": "RGB"
        },
        {
            "id": "{3497d723-e99c-4136-a1aa-c0e5424cf315}",
            "name": "mchp_meatball",
            "type": "RGB"
        },
        {
            "id": "{9f8b52bb-4512-4e94-984f-1b04ef15daf2}",
            "name": "MenuCar565",
            "type": "RGB"
        },
        {
            "id": "{880ebb5d-b44e-442b-b9f2-6911e0d82a4c}",
            "name": "MenuCooker565",
            "type": "RGB"
        },
        {
            "id": "{304b4529-97a4-47a4-a2d1-737893e1c1af}",
            "name": "MenuPlayer565",
            "type": "RGB"
        },
        {
            "id": "{298a00b9-088f-4eb7-bf05-89af5721d71f}",
            "name": "Plyr_AUX30",
            "type": "RGB"
        },
        {
            "id": "{d9a20d0a-7e70-4958-aa41-3d6289cbfc92}",
            "name": "Plyr_BT30",
            "type": "RGB"
        },
        {
            "id": "{f8b9ff65-5a1c-4ecd-94cf-81620256b9d3}",
            "name": "Plyr_USB30",
            "type": "RGB"
        },
        {
            "id": "{4921c6cd-bbfd-414e-9305-2f0fa54aac30}",
            "name": "Plyr_WIFI30",
            "type": "RGB"
        },
        {
            "id": "{671682cb-1c4d-43a1-b24a-fab985795d8f}",
            "name": "Plyr_AUX60",
            "type": "RGB"
        },
        {
            "id": "{7e162475-d545-4b01-8d6c-65a100409886}",
            "name": "Plyr_BT60",
            "type": "RGB"
        },
        {
            "id": "{821e0968-0330-4992-8cbb-9e546c2db87d}",
            "name": "Plyr_USB60",
            "type": "RGB"
        },
        {
            "id": "{a55e1229-7056-462e-a99d-4670c295e58d}",
            "name": "Plyr_WIFI60",
            "type": "RGB"
        },
        {
            "id": "{4eead444-2c99-41da-b452-0e0687393bff}",
            "name": "Plyr_Vol30",
            "type": "RGB"
        },
        {
            "id": "{ee0beb2d-b6d7-4225-9b0f-fe4b76744810}",
            "name": "Plyr_Play100",
            "type": "RGB"
        },
        {
            "id": "{2ff9d66e-f356-4aa0-b2d5-c939a7f0ea9a}",
            "name": "Plyr_Pause100",
            "type": "RGB"
        },
        {
            "id": "{2b6132ad-1607-496f-9ead-4e39c6e0953c}",
            "name": "Plyr_Bars",
            "type": "RGB"
        },
        {
            "id": "{5b4efaaa-b34b-41a3-a5fa-0182b003acb8}",
            "name": "Cctrl_Background",
            "type": "RGB"
        },
        {
            "id": "{8ab97654-57ff-4c52-9df2-96ecde57f743}",
            "name": "Cctrl_ClimateControlOff",
            "type": "RGB"
        },
        {
            "id": "{e9849db8-83b3-4c8b-b811-4359323ef828}",
            "name": "Cctrl_ClimateControlOn",
            "type": "RGB"
        },
        {
            "id": "{7e280bfa-c358-4717-a8e2-df4ed79cbe9f}",
            "name": "Cctrl_HeatedSeatsOff",
            "type": "RGB"
        },
        {
            "id": "{cd148e21-e805-47c1-ae5e-b10d13cd9890}",
            "name": "Cctrl_HeatedSeatsOn",
            "type": "RGB"
        },
        {
            "id": "{d0ecb3c3-83ac-4001-ba62-9dda5c543357}",
            "name": "Cctrl_MHGS",
            "type": "RGB"
        },
        {
            "id": "{5b8a8d3b-4e9c-43e6-a5bf-0bdc7028dd2f}",
            "name": "Cctrl_Vent1",
            "type": "RGB"
        },
        {
            "id": "{93315c2c-7a0b-4ca1-aed5-821598323235}",
            "name": "Cctrl_Vent1_R",
            "type": "RGB"
        },
        {
            "id": "{3736f5e5-259f-47ab-9e1c-5adc5907327f}",
            "name": "Cctrl_Vent2",
            "type": "RGB"
        },
        {
            "id": "{d02478a0-2d59-42ff-afdb-e73cc22b153d}",
            "name": "Cctrl_Vent2_R",
            "type": "RGB"
        },
        {
            "id": "{57f3794f-cf13-4dbd-a272-1325ce78df09}",
            "name": "Cctrl_Vent3",
            "type": "RGB"
        },
        {
            "id": "{98fe0a07-aeca-4498-a311-8d6c9a477bed}",
            "name": "Cctrl_Vent3_R",
            "type": "RGB"
        },
        {
            "id": "{348037fa-64ca-4f8e-b35e-1b025a1d5dca}",
            "name": "Cctrl_VentClose",
            "type": "RGB"
        },
        {
            "id": "{99d8751a-a3b4-4273-b449-a70779189893}",
            "name": "Cctrl_VentOpen",
            "type": "RGB"
        },
        {
            "id": "{8dfa055f-8c9f-4db8-8d28-afde45977911}",
            "name": "CctrlFan1",
            "type": "RGB"
        },
        {
            "id": "{d1afd07f-8ae5-4bfc-b29d-89ad6e636b86}",
            "name": "CctrlFan2",
            "type": "RGB"
        },
        {
            "id": "{55f82176-f39a-43a3-9022-acc8e4fd0afe}",
            "name": "CctrlFan3",
            "type": "RGB"
        },
        {
            "id": "{6add2c2c-628b-49c1-807f-563edd5133a3}",
            "name": "CctrlFan4",
            "type": "RGB"
        },
        {
            "id": "{a2160282-81c8-4a52-9b39-7901c858ef63}",
            "name": "CctrlFan5",
            "type": "RGB"
        },
        {
            "id": "{595f69f1-020e-4130-870c-ee069a69d1fe}",
            "name": "DG_HexBlue",
            "type": "RGB"
        },
        {
            "id": "{80f135a0-dae6-452c-bdc2-2d9079d2e8e9}",
            "name": "DG_HexWhite",
            "type": "RGB"
        },
        {
            "id": "{6ebd1046-ea67-4395-9592-9480b262e5d8}",
            "name": "DG_HexWhiteBig",
            "type": "RGB"
        },
        {
            "id": "{4587d0d5-cd5b-410a-bf12-491830fd424d}",
            "name": "MGBkd2",
            "type": "RGB"
        },
        {
            "id": "{e90311db-afd5-4cb1-a55f-dfdf4903b255}",
            "name": "Plyr_Vol30_solid",
            "type": "RGB"
        },
        {
            "id": "{7da9ff2a-9871-49c2-a1b6-0a049050c7e4}",
            "name": "MenuCooker2565",
            "type": "RGB"
        },
        {
            "id": "{3570951a-e60f-486d-b243-71db91517e17}",
            "name": "info565",
            "type": "RGB"
        },
        {
            "id": "{137f5248-205b-479c-9435-39fe8917b89d}",
            "name": "Settings565",
            "type": "RGB"
        },
        {
            "id": "{5dbe3843-4336-4575-a2ba-52fdb40d7df7}",
            "name": "Home565Gray",
            "type": "RGB"
        },
        {
            "id": "{50680b39-74b2-4d24-a320-44f314d54362}",
            "name": "igat71",
            "type": "RGB"
        },
        {
            "id": "{ed30c93b-7cd2-495e-b5ad-c6fb8bbd4623}",
            "name": "igat72",
            "type": "RGB"
        },
        {
            "id": "{4446b9db-2e0c-4fbb-ba45-4490d0da9ff6}",
            "name": "igat73",
            "type": "RGB"
        },
        {
            "id": "{9e332909-7e11-48cd-9b64-87e8b9720578}",
            "name": "igat74",
            "type": "RGB"
        },
        {
            "id": "{51950046-6bbc-494f-817e-0d8e934f2038}",
            "name": "igat75",
            "type": "RGB"
        },
        {
            "id": "{f8d5d49d-a4b3-409e-8c90-ff877e12f879}",
            "name": "igat76",
            "type": "RGB"
        },
        {
            "id": "{a04ce8e9-359b-497c-bced-d5e6b284b02c}",
            "name": "igat77",
            "type": "RGB"
        },
        {
            "id": "{21209a7f-bfbd-4551-91b3-31d76ffe27df}",
            "name": "igat78",
            "type": "RGB"
        },
        {
            "id": "{13037f40-fc83-4245-ae4c-e509f87b021e}",
            "name": "igat79",
            "type": "RGB"
        },
        {
            "id": "{de469935-1c65-4d46-bc31-d6fb501c0a0d}",
            "name": "igat80",
            "type": "RGB"
        },
        {
            "id": "{549292c0-7461-4086-8809-e97a8eda8e4d}",
            "name": "igat81",
            "type": "RGB"
        },
        {
            "id": "{2cbda978-abea-4a02-93eb-1d4271214110}",
            "name": "igat82",
            "type": "RGB"
        },
        {
            "id": "{3c2d6cb6-5254-4d67-87c3-4ef527709037}",
            "name": "igat83",
            "type": "RGB"
        },
        {
            "id": "{2ec59ca4-6cfe-4e6a-967d-a09ef28a03f0}",
            "name": "igat84",
            "type": "RGB"
        },
        {
            "id": "{0a9a28e4-ef67-4d65-995e-087787871ef6}",
            "name": "igat85",
            "type": "RGB"
        },
        {
            "id": "{3cacdd26-68a2-4d69-ad8d-c507cf515976}",
            "name": "igat86",
            "type": "RGB"
        },
        {
            "id": "{a66c3e32-6773-4c4b-8970-7e6490e40ead}",
            "name": "igat87",
            "type": "RGB"
        },
        {
            "id": "{57a5081c-0b8d-4696-92b3-94bbcacc11ff}",
            "name": "igat88",
            "type": "RGB"
        },
        {
            "id": "{32525839-a7e6-4aa6-9448-eaa39f554e5f}",
            "name": "igat89",
            "type": "RGB"
        },
        {
            "id": "{42aa37c4-c2bf-497c-8142-32c6f8b8aad0}",
            "name": "igat90",
            "type": "RGB"
        },
        {
            "id": "{80bf1561-9061-418a-bd12-c11f56876f97}",
            "name": "igat91",
            "type": "RGB"
        },
        {
            "id": "{103ca095-fa2b-4010-b335-363eda9d10e3}",
            "name": "igat92",
            "type": "RGB"
        },
        {
            "id": "{eeba5e05-e770-4b2f-8b6e-b85e2227df80}",
            "name": "igat93",
            "type": "RGB"
        },
        {
            "id": "{87024aee-4c96-4ae9-a5eb-b532fae44837}",
            "name": "igat94",
            "type": "RGB"
        },
        {
            "id": "{192ac992-6daf-4630-ba91-5f622c4259d6}",
            "name": "igat95",
            "type": "RGB"
        },
        {
            "id": "{43656b67-54c0-497e-889d-b22b76016633}",
            "name": "igat96",
            "type": "RGB"
        },
        {
            "id": "{4d2226fd-48bf-4a0b-9098-4522e5fc5227}",
            "name": "igat97",
            "type": "RGB"
        },
        {
            "id": "{34fe9d76-272c-4e73-b409-4c9f1e063490}",
            "name": "IgatFront250",
            "type": "RGB"
        },
        {
            "id": "{defe6421-8692-4f5e-9469-aaad5ce2adc5}",
            "name": "Button100x80",
            "type": "RGB"
        },
        {
            "id": "{7f4551e9-4085-4d3a-a4f8-bc1a0eb143d4}",
            "name": "Button150x80",
            "type": "RGB"
        },
        {
            "id": "{77f4ab9e-c824-4945-a59c-828e0bcaae31}",
            "name": "SAME51",
            "type": "RGB"
        },
        {
            "id": "{51773baf-d4e6-48f5-9b70-c0bc1184f436}",
            "name": "Button150x80_pressed",
            "type": "RGB"
        },
        {
            "id": "{cde660b1-d5c3-4912-8a38-b06d169b93e6}",
            "name": "SAME5xMCU",
            "type": "RGB"
        },
        {
            "id": "{f2a58b53-4ca4-48a8-b8e5-01f1f41756dd}",
            "name": "Button126x35",
            "type": "RGB"
        },
        {
            "id": "{b6ac10ba-de19-4d6e-8c59-3ac83533a97d}",
            "name": "mh36",
            "type": "RGB"
        },
        {
            "id": "{42e812fb-2c58-4af9-9353-92476b33d553}",
            "name": "mh37",
            "type": "RGB"
        },
        {
            "id": "{c8da4fc9-4dc9-4fb2-b3cf-323705cc3b88}",
            "name": "mh38",
            "type": "RGB"
        },
        {
            "id": "{923b3c37-41ab-4fcf-a1f4-e7de66074fa3}",
            "name": "mh39",
            "type": "RGB"
        },
        {
            "id": "{b06a190c-e96f-4c1f-bb89-83f6d6edfe4f}",
            "name": "mh310",
            "type": "RGB"
        },
        {
            "id": "{f05cb53b-22a3-46e0-97e7-463e04458891}",
            "name": "mh311",
            "type": "RGB"
        },
        {
            "id": "{5eee17fc-0ea1-4676-a7d2-c427330ce933}",
            "name": "mh312",
            "type": "RGB"
        },
        {
            "id": "{0ba2f34d-b100-4a9a-9550-efd57ec1639d}",
            "name": "mh313",
            "type": "RGB"
        },
        {
            "id": "{936ee126-4c56-4f91-81e1-bd0cf04f76c0}",
            "name": "mh314",
            "type": "RGB"
        },
        {
            "id": "{fba4c68a-f31d-4ce3-9bb5-396609966a18}",
            "name": "mh315",
            "type": "RGB"
        },
        {
            "id": "{c77a57da-68f5-40bf-a446-6eee2ca120f1}",
            "name": "mh316",
            "type": "RGB"
        },
        {
            "id": "{b7ec11b7-e744-4ef9-bae4-fd2d610ec559}",
            "name": "mh317",
            "type": "RGB"
        },
        {
            "id": "{8e6b8e1d-f7dc-4562-bf54-4bb8542fcf0a}",
            "name": "mh318",
            "type": "RGB"
        },
        {
            "id": "{ec3ee585-7878-4e64-b24c-a7fceb701dc4}",
            "name": "mh319",
            "type": "RGB"
        },
        {
            "id": "{b9f436ee-02dd-47b0-8aea-d8270c8b7a1e}",
            "name": "mh320",
            "type": "RGB"
        },
        {
            "id": "{8163b2b2-9b9a-438b-98d0-f7b8467a4f4c}",
            "name": "mh321",
            "type": "RGB"
        },
        {
            "id": "{1b1191e9-c6e8-453b-99b6-a659687baeb7}",
            "name": "mh322",
            "type": "RGB"
        },
        {
            "id": "{a6efd062-9ffe-4216-b0b9-7c43f8a340c7}",
            "name": "mh323",
            "type": "RGB"
        },
        {
            "id": "{e1c933ee-39af-4d20-9831-e8741c4424c5}",
            "name": "mh324",
            "type": "RGB"
        },
        {
            "id": "{ba42eeb8-b019-429e-9bf9-617ba30dd653}",
            "name": "mh325",
            "type": "RGB"
        },
        {
            "id": "{b9ad5a4b-3f13-4e0c-bbb3-fae95f110dac}",
            "name": "mh326",
            "type": "RGB"
        },
        {
            "id": "{9b9d649d-170d-46d1-b730-de46cf400bf3}",
            "name": "mh327",
            "type": "RGB"
        },
        {
            "id": "{9fc75575-1a3b-4c5b-93d2-a2d71aa08fa5}",
            "name": "mh328",
            "type": "RGB"
        },
        {
            "id": "{fe7d764c-7dcc-4c5a-bb11-a8d3a55c4547}",
            "name": "graphics_icon",
            "type": "RGB"
        },
        {
            "id": "{a7ce724e-e1e3-4b11-8d5b-4f8463d9bcbc}",
            "name": "touch_icon",
            "type": "RGB"
        },
        {
            "id": "{e8b77f6f-ead6-49bc-989e-7f4093bbfaed}",
            "name": "logo_mhgs_100",
            "type": "RGB"
        },
        {
            "id": "{138a97c8-868c-4ce1-a031-6f2d80710b71}",
            "name": "logo_mh3_100",
            "type": "RGB"
        },
        {
            "id": "{33372ce0-ae0d-4b82-8bcf-2d96270ca2c8}",
            "name": "logo_touch_100",
            "type": "RGB"
        },
        {
            "id": "{2fe4d749-0e5e-450c-8278-24065c449cfd}",
            "name": "MHGS_Diagram",
            "type": "RGB"
        },
        {
            "id": "{fcfa4859-1d40-4126-bb28-98c33040af96}",
            "name": "MH3_icons",
            "type": "RGB"
        },
        {
            "id": "{8fd48943-1b0a-4d2b-973a-9405121a2b48}",
            "name": "IgatFront120",
            "type": "RGB"
        },
        {
            "id": "{3edcf333-3452-48a3-826e-e763fd4d6ddc}",
            "name": "qr_mhgs",
            "type": "RGB"
        },
        {
            "id": "{e4bdf4e5-4736-42b1-ae56-205ff7708299}",
            "name": "qr_mh3",
            "type": "RGB"
        },
        {
            "id": "{7890e7ea-b75c-4ff0-8345-eba759637e70}",
            "name": "qr_touch",
            "type": "RGB"
        },
        {
            "id": "{c5124009-d7d5-474f-aa6f-72645eecf473}",
            "name": "ArrowDown",
            "type": "RGB"
        },
        {
            "id": "{b1f7e8e6-82f1-449c-be36-e07f2d429646}",
            "name": "ArrowLeft",
            "type": "RGB"
        },
        {
            "id": "{fdfb4025-d068-4c1c-9b6e-16fa967501f4}",
            "name": "ArrowRight",
            "type": "RGB"
        },
        {
            "id": "{83dfc63f-f0b7-4117-ba14-d2c3ded8fd9f}",
            "name": "ArrowUp",
            "type": "RGB"
        },
        {
            "id": "{3195846a-48a9-4d00-9a44-3007e4e741ab}",
            "name": "TouchIcons",
            "type": "RGB"
        },
        {
            "id": "{8f8a17d7-8a4c-405b-9960-2cefc9df15d5}",
            "name": "qr_sam5x",
            "type": "RGB"
        },
        {
            "id": "{c5b44396-d815-4024-b2d7-0467a0ad6cfd}",
            "name": "GestDownSwipe",
            "type": "RGB"
        },
        {
            "id": "{c656b59b-9bde-4983-a581-66be8f3e65de}",
            "name": "GestLeftSwipe",
            "type": "RGB"
        },
        {
            "id": "{a2f969f2-ed5b-4284-853c-937dd5c4c21d}",
            "name": "GestRightSwipe",
            "type": "RGB"
        },
        {
            "id": "{3095123d-d61f-4851-8e05-f233d6aa59a6}",
            "name": "GestUpSwipe",
            "type": "RGB"
        },
        {
            "id": "{13d8662c-8dc4-42d5-b7bd-c9ad9a9f3e57}",
            "name": "GestWheelClockwise",
            "type": "RGB"
        },
        {
            "id": "{4e8c9d44-cf12-4b36-9ed9-75ec23201d33}",
            "name": "GestWheelCounterClockwise",
            "type": "RGB"
        },
        {
            "id": "{bb8e560d-53ed-4819-b095-14cacad10083}",
            "name": "GestTapDouble",
            "type": "RGB"
        },
        {
            "id": "{86c47d3d-26bb-4d5a-9966-55c71413b940}",
            "name": "GestTapSingle",
            "type": "RGB"
        },
        {
            "id": "{b9149cfb-c4f1-44e2-a728-6dddddac6c29}",
            "name": "GestTwoFingerTapSingle",
            "type": "RGB"
        },
        {
            "id": "{dd1c60af-848f-4166-8f75-7c568b7db326}",
            "name": "GestTapHold",
            "type": "RGB"
        },
        {
            "id": "{123f5b81-045c-409c-8fd9-8528f0bd2b25}",
            "name": "GestTwoFingerTapHold",
            "type": "RGB"
        },
        {
            "id": "{6d2cf833-13db-4f9f-a0cf-2bfc5d557065}",
            "name": "GestPinch",
            "type": "RGB"
        },
        {
            "id": "{c0cbcb35-2d74-4922-a491-a396296329cc}",
            "name": "GestZoom",
            "type": "RGB"
        },
        {
            "id": "{d6da59a3-9013-4c1a-bc5a-c885657df961}",
            "name": "GestDownSwipeHold",
            "type": "RGB"
        },
        {
            "id": "{d7fc5cdd-f88c-4969-92cf-bdc9c50de389}",
            "name": "GestLeftSwipeHold",
            "type": "RGB"
        },
        {
            "id": "{d91c9cbf-acd1-4697-ac55-1e4e31192fc9}",
            "name": "GestRightSwipeHold",
            "type": "RGB"
        },
        {
            "id": "{81eb38ce-b218-416c-9f38-8a97291ad84f}",
            "name": "GestUpSwipeHold",
            "type": "RGB"
        },
        {
            "id": "{b4490843-10f9-4ba1-93a5-a3d87867cd78}",
            "name": "MenuGesture565",
            "type": "RGB"
        },
        {
            "id": "{e8ea10f5-79b0-429a-ad99-dd923916f5ba}",
            "name": "GestMG_2",
            "type": "RGB"
        },
        {
            "id": "{0ac37114-e0a1-47a9-8f31-4d1712c29899}",
            "name": "GestMG_Alpha",
            "type": "RGB"
        },
        {
            "id": "{e294da63-132d-4d9a-a09a-6ff07b76a899}",
            "name": "GestMG_Check",
            "type": "RGB"
        },
        {
            "id": "{b4556030-c92e-4cd5-93cd-e8bd47f6552c}",
            "name": "GestMG_M",
            "type": "RGB"
        },
        {
            "id": "{e76b9f9d-5690-434e-af65-d9f47d8404ee}",
            "name": "GestMG_S",
            "type": "RGB"
        },
        {
            "id": "{82756062-7f53-4e57-9762-3029cf763895}",
            "name": "GestMG_Star",
            "type": "RGB"
        },
        {
            "id": "{16f86ffa-d896-43ac-9821-3e27369a8c43}",
            "name": "MG",
            "type": "RGB"
        },
        {
            "id": "{77c7c3d7-e04b-4d2d-9af5-f5e0a5b4ea5a}",
            "name": "MG_Horiz",
            "type": "RGB"
        },
        {
            "id": "{8b2adb1e-3c67-48e4-95af-3b11556f6d61}",
            "name": "Touch2D",
            "type": "RGB"
        },
        {
            "id": "{27398aa4-32dd-4dbf-9e87-5e634cb612b5}",
            "name": "TouchGesture",
            "type": "RGB"
        },
        {
            "id": "{a45cddcd-7e66-44c0-b987-ad9d8dd9305d}",
            "name": "TouchML",
            "type": "RGB"
        },
        {
            "id": "{83e163cc-b22f-456f-b92c-edaac25b82cc}",
            "name": "gestures",
            "type": "RGB"
        },
        {
            "id": "{98873acd-69e8-435a-9f37-e1a795e913e6}",
            "name": "qr_igatprod",
            "type": "RGB"
        }
    ],
    "paths": [
    ]
}
